user_id,last_date,active_days,total_revenue,recency_days,frequency,monetary,r_quintile,f_quintile,m_quintile,RFM_score,RFM_numeric,segment
user_100,2025-06-05,29,0.0,26,29,0.0,1,4,1,141,141,Champions
user_1001,2025-06-05,23,10.98,26,23,10.98,1,3,5,135,135,Champions
user_1009,2025-05-09,22,0.99,53,22,0.99,1,2,3,123,123,Champions
user_1014,2025-06-06,33,3.96,25,33,3.96,1,5,4,154,154,Champions
user_1023,2025-06-20,3,0.0,11,3,0.0,2,1,1,211,211,Champions
user_1029,2025-05-30,32,5.960000000000001,32,32,5.960000000000001,1,5,5,155,155,Champions
user_1030,2025-06-23,11,0.99,8,11,0.99,2,1,3,213,213,Champions
user_1036,2025-06-16,13,0.0,15,13,0.0,2,1,1,211,211,Champions
user_1039,2025-05-16,32,0.99,46,32,0.99,1,5,3,153,153,Champions
user_104,2025-06-09,18,12.98,22,18,12.98,1,2,5,125,125,Champions
user_1042,2025-06-21,15,0.99,10,15,0.99,2,2,3,223,223,Champions
user_1047,2025-06-08,30,13.97,23,30,13.97,1,4,5,145,145,Champions
user_1048,2025-05-01,29,3.98,61,29,3.98,1,4,4,144,144,Champions
user_1051,2025-06-23,9,0.0,8,9,0.0,2,1,1,211,211,Champions
user_1058,2025-06-15,32,0.0,16,32,0.0,1,5,1,151,151,Champions
user_1060,2025-06-20,22,0.0,11,22,0.0,2,2,1,221,221,Champions
user_107,2025-06-16,21,0.0,15,21,0.0,2,2,1,221,221,Champions
user_1070,2025-06-20,22,0.99,11,22,0.99,2,2,3,223,223,Champions
user_1071,2025-06-11,18,2.99,20,18,2.99,1,2,4,124,124,Champions
user_1072,2025-06-01,28,0.0,30,28,0.0,1,4,1,141,141,Champions
user_1074,2025-05-18,26,4.970000000000001,44,26,4.970000000000001,1,3,5,135,135,Champions
user_1079,2025-06-08,37,3.96,23,37,3.96,1,5,4,154,154,Champions
user_1082,2025-06-08,30,0.0,23,30,0.0,1,4,1,141,141,Champions
user_1085,2025-06-20,2,0.0,11,2,0.0,2,1,1,211,211,Champions
user_1088,2025-06-06,25,13.97,25,25,13.97,1,3,5,135,135,Champions
user_1096,2025-06-23,26,0.0,8,26,0.0,2,3,1,231,231,Champions
user_1097,2025-06-11,30,0.0,20,30,0.0,1,4,1,141,141,Champions
user_1098,2025-06-04,36,20.98,27,36,20.98,1,5,5,155,155,Champions
user_11,2025-05-19,29,1.98,43,29,1.98,1,4,4,144,144,Champions
user_1101,2025-06-07,29,0.99,24,29,0.99,1,4,3,143,143,Champions
user_1112,2025-06-20,25,0.0,11,25,0.0,2,3,1,231,231,Champions
user_1113,2025-06-08,30,0.99,23,30,0.99,1,4,3,143,143,Champions
user_1117,2025-06-05,33,2.99,26,33,2.99,1,5,4,154,154,Champions
user_112,2025-05-31,27,0.0,31,27,0.0,1,4,1,141,141,Champions
user_1127,2025-06-12,28,3.98,19,28,3.98,1,4,4,144,144,Champions
user_1134,2025-06-04,30,3.98,27,30,3.98,1,4,4,144,144,Champions
user_1136,2025-06-03,30,2.97,28,30,2.97,1,4,4,144,144,Champions
user_114,2025-06-13,10,0.0,18,10,0.0,1,1,1,111,111,Champions
user_1142,2025-06-07,25,0.0,24,25,0.0,1,3,1,131,131,Champions
user_1160,2025-06-01,30,0.0,30,30,0.0,1,4,1,141,141,Champions
user_1165,2025-06-08,30,2.99,23,30,2.99,1,4,4,144,144,Champions
user_1174,2025-06-08,22,0.0,23,22,0.0,1,2,1,121,121,Champions
user_1178,2025-05-03,26,3.98,59,26,3.98,1,3,4,134,134,Champions
user_1179,2025-06-21,16,0.0,10,16,0.0,2,2,1,221,221,Champions
user_1180,2025-06-12,21,0.99,19,21,0.99,1,2,3,123,123,Champions
user_1182,2025-06-10,31,0.0,21,31,0.0,1,4,1,141,141,Champions
user_1183,2025-06-21,16,0.0,10,16,0.0,2,2,1,221,221,Champions
user_1187,2025-06-19,16,0.0,12,16,0.0,2,2,1,221,221,Champions
user_1188,2025-06-15,33,14.96,16,33,14.96,1,5,5,155,155,Champions
user_1195,2025-06-05,35,4.970000000000001,26,35,4.970000000000001,1,5,5,155,155,Champions
user_1202,2025-06-04,32,3.98,27,32,3.98,1,5,4,154,154,Champions
user_1203,2025-05-21,26,20.98,41,26,20.98,1,3,5,135,135,Champions
user_1211,2025-06-22,25,0.0,9,25,0.0,2,3,1,231,231,Champions
user_1216,2025-06-18,26,0.0,13,26,0.0,2,3,1,231,231,Champions
user_1225,2025-06-20,20,19.99,11,20,19.99,2,2,5,225,225,Champions
user_1231,2025-06-22,9,0.0,9,9,0.0,2,1,1,211,211,Champions
user_1233,2025-05-29,29,0.99,33,29,0.99,1,4,3,143,143,Champions
user_1234,2025-06-01,38,22.98,30,38,22.98,1,5,5,155,155,Champions
user_1238,2025-06-15,33,0.99,16,33,0.99,1,5,3,153,153,Champions
user_124,2025-06-23,25,0.0,8,25,0.0,2,3,1,231,231,Champions
user_1247,2025-05-18,28,0.99,44,28,0.99,1,4,3,143,143,Champions
user_1248,2025-05-26,31,19.98,36,31,19.98,1,4,5,145,145,Champions
user_1249,2025-06-23,8,0.0,8,8,0.0,2,1,1,211,211,Champions
user_1254,2025-06-08,25,2.99,23,25,2.99,1,3,4,134,134,Champions
user_1257,2025-06-11,23,3.98,20,23,3.98,1,3,4,134,134,Champions
user_1258,2025-06-23,21,5.98,8,21,5.98,2,2,5,225,225,Champions
user_1259,2025-06-08,36,0.0,23,36,0.0,1,5,1,151,151,Champions
user_126,2025-06-20,19,0.0,11,19,0.0,2,2,1,221,221,Champions
user_1261,2025-06-11,27,0.99,20,27,0.99,1,4,3,143,143,Champions
user_1263,2025-05-24,32,1.98,38,32,1.98,1,5,4,154,154,Champions
user_1265,2025-06-10,32,3.96,21,32,3.96,1,5,4,154,154,Champions
user_1266,2025-06-08,30,0.0,23,30,0.0,1,4,1,141,141,Champions
user_1268,2025-06-11,27,0.0,20,27,0.0,1,4,1,141,141,Champions
user_1270,2025-06-11,30,0.0,20,30,0.0,1,4,1,141,141,Champions
user_1274,2025-06-02,31,2.99,29,31,2.99,1,4,4,144,144,Champions
user_1276,2025-06-13,33,0.0,18,33,0.0,1,5,1,151,151,Champions
user_1279,2025-06-06,28,15.97,25,28,15.97,1,4,5,145,145,Champions
user_1280,2025-06-01,20,0.0,30,20,0.0,1,2,1,121,121,Champions
user_1284,2025-06-10,36,0.0,21,36,0.0,1,5,1,151,151,Champions
user_1287,2025-05-26,33,2.99,36,33,2.99,1,5,4,154,154,Champions
user_1288,2025-06-08,27,4.970000000000001,23,27,4.970000000000001,1,4,5,145,145,Champions
user_1289,2025-05-11,34,1.98,51,34,1.98,1,5,4,154,154,Champions
user_129,2025-05-24,36,2.97,38,36,2.97,1,5,4,154,154,Champions
user_1290,2025-05-30,21,0.0,32,21,0.0,1,2,1,121,121,Champions
user_1292,2025-06-11,24,0.0,20,24,0.0,1,3,1,131,131,Champions
user_1297,2025-06-12,28,0.99,19,28,0.99,1,4,3,143,143,Champions
user_1298,2025-05-25,26,0.99,37,26,0.99,1,3,3,133,133,Champions
user_1299,2025-06-21,21,2.99,10,21,2.99,2,2,4,224,224,Champions
user_130,2025-06-22,21,2.99,9,21,2.99,2,2,4,224,224,Champions
user_1301,2025-05-27,29,2.99,35,29,2.99,1,4,4,144,144,Champions
user_1303,2025-06-13,35,3.98,18,35,3.98,1,5,4,154,154,Champions
user_1309,2025-06-20,26,0.0,11,26,0.0,2,3,1,231,231,Champions
user_1311,2025-06-11,32,2.99,20,32,2.99,1,5,4,154,154,Champions
user_1317,2025-06-14,17,0.0,17,17,0.0,1,2,1,121,121,Champions
user_1319,2025-06-09,34,6.970000000000001,22,34,6.970000000000001,1,5,5,155,155,Champions
user_132,2025-06-01,30,9.99,30,30,9.99,1,4,5,145,145,Champions
user_1320,2025-06-16,25,0.0,15,25,0.0,2,3,1,231,231,Champions
user_1322,2025-05-24,31,0.0,38,31,0.0,1,4,1,141,141,Champions
user_133,2025-06-14,37,0.0,17,37,0.0,1,5,1,151,151,Champions
user_1333,2025-06-01,33,0.0,30,33,0.0,1,5,1,151,151,Champions
user_1337,2025-06-09,32,0.0,22,32,0.0,1,5,1,151,151,Champions
user_1340,2025-05-29,39,0.99,33,39,0.99,1,5,3,153,153,Champions
user_1341,2025-06-10,19,1.98,21,19,1.98,1,2,4,124,124,Champions
user_1345,2025-06-21,13,2.99,10,13,2.99,2,1,4,214,214,Champions
user_1346,2025-06-15,29,0.0,16,29,0.0,1,4,1,141,141,Champions
user_1350,2025-06-11,31,0.0,20,31,0.0,1,5,1,151,151,Champions
user_1353,2025-06-13,20,0.99,18,20,0.99,1,2,3,123,123,Champions
user_1357,2025-06-22,5,0.0,9,5,0.0,2,1,1,211,211,Champions
user_1369,2025-06-05,30,0.0,26,30,0.0,1,4,1,141,141,Champions
user_1373,2025-06-21,10,0.0,10,10,0.0,2,1,1,211,211,Champions
user_1391,2025-05-20,29,0.0,42,29,0.0,1,4,1,141,141,Champions
user_1392,2025-06-04,31,0.0,27,31,0.0,1,5,1,151,151,Champions
user_1396,2025-06-19,9,0.0,12,9,0.0,2,1,1,211,211,Champions
user_1399,2025-06-23,23,0.0,8,23,0.0,2,3,1,231,231,Champions
user_14,2025-06-09,25,0.0,22,25,0.0,1,3,1,131,131,Champions
user_1400,2025-06-18,14,0.0,13,14,0.0,2,1,1,211,211,Champions
user_1402,2025-06-15,35,4.970000000000001,16,35,4.970000000000001,1,5,5,155,155,Champions
user_1403,2025-06-10,28,0.99,21,28,0.99,1,4,3,143,143,Champions
user_1407,2025-06-23,13,0.0,8,13,0.0,2,1,1,211,211,Champions
user_1409,2025-06-13,24,0.0,18,24,0.0,1,3,1,131,131,Champions
user_1412,2025-06-07,35,2.99,24,35,2.99,1,5,4,154,154,Champions
user_1414,2025-05-24,31,0.0,38,31,0.0,1,5,1,151,151,Champions
user_1418,2025-05-22,36,7.960000000000001,40,36,7.960000000000001,1,5,5,155,155,Champions
user_1423,2025-06-01,24,9.99,30,24,9.99,1,3,5,135,135,Champions
user_1424,2025-05-18,32,2.97,44,32,2.97,1,5,4,154,154,Champions
user_1434,2025-06-22,12,3.98,9,12,3.98,2,1,4,214,214,Champions
user_1436,2025-06-02,34,12.96,29,34,12.96,1,5,5,155,155,Champions
user_144,2025-06-03,27,2.99,28,27,2.99,1,4,4,144,144,Champions
user_1446,2025-06-08,28,2.99,23,28,2.99,1,4,4,144,144,Champions
user_145,2025-06-14,29,0.99,17,29,0.99,1,4,3,143,143,Champions
user_1450,2025-06-18,15,0.99,13,15,0.99,2,2,3,223,223,Champions
user_1455,2025-05-08,31,31.96,54,31,31.96,1,5,5,155,155,Champions
user_1457,2025-06-18,18,1.98,13,18,1.98,2,2,4,224,224,Champions
user_1458,2025-06-23,17,0.99,8,17,0.99,2,2,3,223,223,Champions
user_146,2025-05-21,36,0.99,41,36,0.99,1,5,3,153,153,Champions
user_1463,2025-06-11,34,3.98,20,34,3.98,1,5,4,154,154,Champions
user_1466,2025-06-10,35,0.0,21,35,0.0,1,5,1,151,151,Champions
user_1468,2025-05-28,25,0.0,34,25,0.0,1,3,1,131,131,Champions
user_1471,2025-06-15,19,0.0,16,19,0.0,1,2,1,121,121,Champions
user_1482,2025-05-07,22,2.99,55,22,2.99,1,3,4,134,134,Champions
user_1484,2025-05-05,32,9.99,57,32,9.99,1,5,5,155,155,Champions
user_1494,2025-06-06,22,3.98,25,22,3.98,1,3,4,134,134,Champions
user_1499,2025-06-14,26,3.98,17,26,3.98,1,3,4,134,134,Champions
user_15,2025-05-28,23,0.99,34,23,0.99,1,3,3,133,133,Champions
user_1503,2025-06-07,34,11.97,24,34,11.97,1,5,5,155,155,Champions
user_1505,2025-06-14,24,20.98,17,24,20.98,1,3,5,135,135,Champions
user_1506,2025-05-28,27,30.97,34,27,30.97,1,4,5,145,145,Champions
user_1514,2025-06-14,25,2.99,17,25,2.99,1,3,4,134,134,Champions
user_1515,2025-06-02,26,0.0,29,26,0.0,1,3,1,131,131,Champions
user_1519,2025-06-15,32,20.98,16,32,20.98,1,5,5,155,155,Champions
user_1521,2025-05-24,24,2.99,38,24,2.99,1,3,4,134,134,Champions
user_1524,2025-05-24,27,0.0,38,27,0.0,1,4,1,141,141,Champions
user_1536,2025-06-09,40,6.970000000000001,22,40,6.970000000000001,1,5,5,155,155,Champions
user_1537,2025-06-10,28,2.99,21,28,2.99,1,4,4,144,144,Champions
user_1542,2025-06-05,24,0.99,26,24,0.99,1,3,3,133,133,Champions
user_1543,2025-06-15,26,3.98,16,26,3.98,1,3,4,134,134,Champions
user_1545,2025-06-23,1,0.0,8,1,0.0,2,1,1,211,211,Champions
user_1546,2025-06-15,29,0.0,16,29,0.0,1,4,1,141,141,Champions
user_1551,2025-06-20,1,0.0,11,1,0.0,2,1,1,211,211,Champions
user_1552,2025-06-21,21,9.99,10,21,9.99,2,2,5,225,225,Champions
user_1556,2025-06-11,24,4.970000000000001,20,24,4.970000000000001,1,3,5,135,135,Champions
user_1558,2025-06-14,32,0.99,17,32,0.99,1,5,3,153,153,Champions
user_1562,2025-06-04,30,20.98,27,30,20.98,1,4,5,145,145,Champions
user_1564,2025-06-23,26,0.0,8,26,0.0,2,3,1,231,231,Champions
user_1569,2025-06-22,21,0.0,9,21,0.0,2,2,1,221,221,Champions
user_157,2025-06-22,14,0.0,9,14,0.0,2,1,1,211,211,Champions
user_1572,2025-06-04,30,13.97,27,30,13.97,1,4,5,145,145,Champions
user_1577,2025-05-27,31,2.99,35,31,2.99,1,5,4,154,154,Champions
user_1586,2025-05-28,27,0.99,34,27,0.99,1,4,3,143,143,Champions
user_159,2025-06-15,25,0.99,16,25,0.99,1,3,3,133,133,Champions
user_1591,2025-06-23,20,0.0,8,20,0.0,2,2,1,221,221,Champions
user_1594,2025-06-07,44,1.98,24,44,1.98,1,5,4,154,154,Champions
user_1597,2025-06-08,29,0.99,23,29,0.99,1,4,3,143,143,Champions
user_1598,2025-06-06,32,22.96,25,32,22.96,1,5,5,155,155,Champions
user_1601,2025-06-14,34,0.99,17,34,0.99,1,5,3,153,153,Champions
user_1602,2025-06-02,21,0.99,29,21,0.99,1,2,3,123,123,Champions
user_1605,2025-05-29,26,20.98,33,26,20.98,1,3,5,135,135,Champions
user_1606,2025-06-19,18,0.0,12,18,0.0,2,2,1,221,221,Champions
user_1607,2025-06-04,32,1.98,27,32,1.98,1,5,4,154,154,Champions
user_1610,2025-06-12,26,0.0,19,26,0.0,1,3,1,131,131,Champions
user_1615,2025-06-12,32,19.98,19,32,19.98,1,5,5,155,155,Champions
user_1622,2025-06-01,27,0.99,30,27,0.99,1,4,3,143,143,Champions
user_1626,2025-06-22,16,0.99,9,16,0.99,2,2,3,223,223,Champions
user_163,2025-06-18,19,0.0,13,19,0.0,2,2,1,221,221,Champions
user_1630,2025-06-16,16,20.98,15,16,20.98,2,2,5,225,225,Champions
user_1632,2025-06-10,17,0.0,21,17,0.0,1,2,1,121,121,Champions
user_1638,2025-06-13,38,14.96,18,38,14.96,1,5,5,155,155,Champions
user_1642,2025-06-20,9,0.0,11,9,0.0,2,1,1,211,211,Champions
user_1643,2025-06-12,18,0.99,19,18,0.99,1,2,3,123,123,Champions
user_1645,2025-06-10,41,9.99,21,41,9.99,1,5,5,155,155,Champions
user_1647,2025-05-05,25,0.99,57,25,0.99,1,3,3,133,133,Champions
user_1651,2025-06-03,30,0.0,28,30,0.0,1,4,1,141,141,Champions
user_1654,2025-06-13,28,2.99,18,28,2.99,1,4,4,144,144,Champions
user_1655,2025-06-11,34,2.99,20,34,2.99,1,5,4,154,154,Champions
user_1657,2025-06-15,24,0.99,16,24,0.99,1,3,3,133,133,Champions
user_1658,2025-06-20,25,0.0,11,25,0.0,2,3,1,231,231,Champions
user_1667,2025-06-07,25,0.99,24,25,0.99,1,3,3,133,133,Champions
user_1672,2025-06-23,5,0.0,8,5,0.0,2,1,1,211,211,Champions
user_1677,2025-06-07,30,3.98,24,30,3.98,1,4,4,144,144,Champions
user_1679,2025-06-02,29,19.95,29,29,19.95,1,4,5,145,145,Champions
user_168,2025-06-13,33,0.0,18,33,0.0,1,5,1,151,151,Champions
user_1685,2025-06-04,22,0.0,27,22,0.0,1,3,1,131,131,Champions
user_1696,2025-06-03,23,0.0,28,23,0.0,1,3,1,131,131,Champions
user_1697,2025-05-24,32,2.99,38,32,2.99,1,5,4,154,154,Champions
user_1706,2025-05-13,28,0.99,49,28,0.99,1,4,3,143,143,Champions
user_1711,2025-06-21,23,0.0,10,23,0.0,2,3,1,231,231,Champions
user_1717,2025-06-14,40,0.99,17,40,0.99,1,5,3,153,153,Champions
user_1721,2025-05-13,26,5.98,49,26,5.98,1,3,5,135,135,Champions
user_1737,2025-06-15,26,10.98,16,26,10.98,1,3,5,135,135,Champions
user_1741,2025-06-23,16,0.0,8,16,0.0,2,2,1,221,221,Champions
user_1744,2025-06-10,33,2.99,21,33,2.99,1,5,4,154,154,Champions
user_1745,2025-05-30,28,2.99,32,28,2.99,1,4,4,144,144,Champions
user_1749,2025-06-23,12,0.99,8,12,0.99,2,1,3,213,213,Champions
user_175,2025-06-15,14,2.99,16,14,2.99,1,1,4,114,114,Champions
user_1750,2025-06-13,29,22.96,18,29,22.96,1,4,5,145,145,Champions
user_1752,2025-05-26,22,3.98,36,22,3.98,1,3,4,134,134,Champions
user_1754,2025-05-31,31,2.99,31,31,2.99,1,5,4,154,154,Champions
user_1759,2025-06-09,28,0.99,22,28,0.99,1,4,3,143,143,Champions
user_1766,2025-06-13,27,0.0,18,27,0.0,1,4,1,141,141,Champions
user_1777,2025-06-16,14,0.0,15,14,0.0,2,1,1,211,211,Champions
user_1781,2025-05-18,30,0.0,44,30,0.0,1,4,1,141,141,Champions
user_1785,2025-06-23,15,0.0,8,15,0.0,2,2,1,221,221,Champions
user_1789,2025-05-24,32,1.98,38,32,1.98,1,5,4,154,154,Champions
user_1793,2025-06-17,21,0.99,14,21,0.99,2,2,3,223,223,Champions
user_1796,2025-06-14,26,2.99,17,26,2.99,1,3,4,134,134,Champions
user_1797,2025-06-23,19,0.0,8,19,0.0,2,2,1,221,221,Champions
user_180,2025-05-28,34,11.97,34,34,11.97,1,5,5,155,155,Champions
user_1800,2025-06-02,29,0.99,29,29,0.99,1,4,3,143,143,Champions
user_1805,2025-05-24,22,0.99,38,22,0.99,1,3,3,133,133,Champions
user_1808,2025-06-01,38,4.970000000000001,30,38,4.970000000000001,1,5,5,155,155,Champions
user_1810,2025-06-15,30,0.0,16,30,0.0,1,4,1,141,141,Champions
user_1813,2025-06-11,23,0.0,20,23,0.0,1,3,1,131,131,Champions
user_1814,2025-04-30,23,0.0,62,23,0.0,1,3,1,131,131,Champions
user_182,2025-06-09,37,1.98,22,37,1.98,1,5,4,154,154,Champions
user_1822,2025-05-21,31,0.0,41,31,0.0,1,5,1,151,151,Champions
user_1825,2025-06-23,18,2.99,8,18,2.99,2,2,4,224,224,Champions
user_1827,2025-06-13,33,2.97,18,33,2.97,1,5,4,154,154,Champions
user_1837,2025-06-04,26,2.97,27,26,2.97,1,3,4,134,134,Champions
user_1838,2025-06-02,27,4.970000000000001,29,27,4.970000000000001,1,4,5,145,145,Champions
user_1840,2025-05-25,26,0.0,37,26,0.0,1,3,1,131,131,Champions
user_1846,2025-06-14,34,0.99,17,34,0.99,1,5,3,153,153,Champions
user_1847,2025-05-30,35,2.97,32,35,2.97,1,5,4,154,154,Champions
user_1848,2025-06-13,26,0.0,18,26,0.0,1,3,1,131,131,Champions
user_1849,2025-06-22,8,2.99,9,8,2.99,2,1,4,214,214,Champions
user_1856,2025-06-15,34,5.96,16,34,5.96,1,5,5,155,155,Champions
user_1857,2025-06-23,11,0.99,8,11,0.99,2,1,3,213,213,Champions
user_1867,2025-05-19,29,1.98,43,29,1.98,1,4,4,144,144,Champions
user_1868,2025-06-08,34,0.99,23,34,0.99,1,5,3,153,153,Champions
user_1870,2025-06-09,10,0.0,22,10,0.0,1,1,1,111,111,Champions
user_1872,2025-06-15,25,0.0,16,25,0.0,1,3,1,131,131,Champions
user_188,2025-06-23,20,0.0,8,20,0.0,2,2,1,221,221,Champions
user_1883,2025-06-22,14,19.99,9,14,19.99,2,1,5,215,215,Champions
user_1885,2025-06-02,29,2.99,29,29,2.99,1,4,4,144,144,Champions
user_1891,2025-06-12,31,0.0,19,31,0.0,1,5,1,151,151,Champions
user_1894,2025-06-02,30,0.0,29,30,0.0,1,4,1,141,141,Champions
user_1895,2025-06-22,20,0.0,9,20,0.0,2,2,1,221,221,Champions
user_1897,2025-06-18,18,0.0,13,18,0.0,2,2,1,221,221,Champions
user_1898,2025-06-10,24,0.99,21,24,0.99,1,3,3,133,133,Champions
user_19,2025-06-22,23,0.0,9,23,0.0,2,3,1,231,231,Champions
user_1902,2025-06-12,34,1.98,19,34,1.98,1,5,4,154,154,Champions
user_1904,2025-05-25,36,0.99,37,36,0.99,1,5,3,153,153,Champions
user_1905,2025-06-21,8,2.99,10,8,2.99,2,1,4,214,214,Champions
user_1906,2025-06-04,31,9.99,27,31,9.99,1,5,5,155,155,Champions
user_1909,2025-06-23,26,0.0,8,26,0.0,2,3,1,231,231,Champions
user_191,2025-06-05,25,0.99,26,25,0.99,1,3,3,133,133,Champions
user_1911,2025-06-14,27,0.99,17,27,0.99,1,4,3,143,143,Champions
user_1918,2025-06-23,17,2.99,8,17,2.99,2,2,4,224,224,Champions
user_1919,2025-06-09,28,0.99,22,28,0.99,1,4,3,143,143,Champions
user_1922,2025-06-05,29,2.99,26,29,2.99,1,4,4,144,144,Champions
user_1926,2025-06-07,31,24.96,24,31,24.96,1,5,5,155,155,Champions
user_1930,2025-05-21,29,4.970000000000001,41,29,4.970000000000001,1,4,5,145,145,Champions
user_1941,2025-06-14,30,0.0,17,30,0.0,1,4,1,141,141,Champions
user_1943,2025-06-22,16,0.0,9,16,0.0,2,2,1,221,221,Champions
user_1950,2025-06-20,23,0.0,11,23,0.0,2,3,1,231,231,Champions
user_1951,2025-06-06,26,0.99,25,26,0.99,1,3,3,133,133,Champions
user_1958,2025-06-19,25,0.0,12,25,0.0,2,3,1,231,231,Champions
user_196,2025-06-06,22,0.0,25,22,0.0,1,3,1,131,131,Champions
user_1967,2025-06-15,27,22.98,16,27,22.98,1,4,5,145,145,Champions
user_1970,2025-05-28,29,0.0,34,29,0.0,1,4,1,141,141,Champions
user_1971,2025-05-23,28,0.99,39,28,0.99,1,4,3,143,143,Champions
user_1978,2025-06-09,30,0.0,22,30,0.0,1,4,1,141,141,Champions
user_1982,2025-06-14,14,19.99,17,14,19.99,1,2,5,125,125,Champions
user_1983,2025-06-15,25,0.0,16,25,0.0,1,3,1,131,131,Champions
user_1985,2025-06-11,31,3.98,20,31,3.98,1,5,4,154,154,Champions
user_1994,2025-06-02,35,0.99,29,35,0.99,1,5,3,153,153,Champions
user_1998,2025-06-07,25,9.99,24,25,9.99,1,3,5,135,135,Champions
user_1999,2025-06-15,31,0.99,16,31,0.99,1,5,3,153,153,Champions
user_2005,2025-06-14,27,7.960000000000001,17,27,7.960000000000001,1,4,5,145,145,Champions
user_2007,2025-06-15,33,12.98,16,33,12.98,1,5,5,155,155,Champions
user_2008,2025-06-23,15,0.0,8,15,0.0,2,2,1,221,221,Champions
user_2009,2025-05-21,26,0.99,41,26,0.99,1,3,3,133,133,Champions
user_2011,2025-05-28,43,9.99,34,43,9.99,1,5,5,155,155,Champions
user_2012,2025-06-06,34,35.96,25,34,35.96,1,5,5,155,155,Champions
user_2014,2025-06-10,42,5.960000000000001,21,42,5.960000000000001,1,5,5,155,155,Champions
user_2019,2025-06-11,25,8.97,20,25,8.97,1,3,5,135,135,Champions
user_202,2025-06-14,29,0.0,17,29,0.0,1,4,1,141,141,Champions
user_2026,2025-06-08,29,0.0,23,29,0.0,1,4,1,141,141,Champions
user_2037,2025-05-16,30,0.99,46,30,0.99,1,4,3,143,143,Champions
user_2039,2025-06-14,26,11.97,17,26,11.97,1,3,5,135,135,Champions
user_2040,2025-06-05,27,3.98,26,27,3.98,1,4,4,144,144,Champions
user_2042,2025-06-08,22,0.99,23,22,0.99,1,3,3,133,133,Champions
user_2046,2025-06-16,15,0.0,15,15,0.0,2,2,1,221,221,Champions
user_2047,2025-05-08,28,9.99,54,28,9.99,1,4,5,145,145,Champions
user_205,2025-06-19,19,2.99,12,19,2.99,2,2,4,224,224,Champions
user_2050,2025-06-17,22,0.0,14,22,0.0,2,3,1,231,231,Champions
user_2061,2025-05-24,31,19.99,38,31,19.99,1,5,5,155,155,Champions
user_2065,2025-05-19,28,9.99,43,28,9.99,1,4,5,145,145,Champions
user_2069,2025-06-14,33,5.96,17,33,5.96,1,5,5,155,155,Champions
user_207,2025-05-30,19,0.0,32,19,0.0,1,2,1,121,121,Champions
user_2073,2025-06-08,24,0.99,23,24,0.99,1,3,3,133,133,Champions
user_208,2025-06-15,15,0.0,16,15,0.0,1,2,1,121,121,Champions
user_2081,2025-05-22,37,0.99,40,37,0.99,1,5,3,153,153,Champions
user_2082,2025-05-30,28,2.99,32,28,2.99,1,4,4,144,144,Champions
user_2084,2025-06-23,5,0.0,8,5,0.0,2,1,1,211,211,Champions
user_2085,2025-06-12,21,0.0,19,21,0.0,1,2,1,121,121,Champions
user_2087,2025-06-08,22,1.98,23,22,1.98,1,3,4,134,134,Champions
user_2089,2025-06-23,15,0.0,8,15,0.0,2,2,1,221,221,Champions
user_2090,2025-06-15,27,3.98,16,27,3.98,1,4,4,144,144,Champions
user_2091,2025-06-20,19,0.0,11,19,0.0,2,2,1,221,221,Champions
user_2093,2025-06-21,25,0.0,10,25,0.0,2,3,1,231,231,Champions
user_21,2025-06-20,22,0.0,11,22,0.0,2,3,1,231,231,Champions
user_210,2025-06-05,21,0.99,26,21,0.99,1,2,3,123,123,Champions
user_2103,2025-06-08,28,0.0,23,28,0.0,1,4,1,141,141,Champions
user_2109,2025-06-13,27,3.98,18,27,3.98,1,4,4,144,144,Champions
user_211,2025-06-22,19,0.0,9,19,0.0,2,2,1,221,221,Champions
user_2111,2025-06-22,21,2.99,9,21,2.99,2,2,4,224,224,Champions
user_2112,2025-06-12,26,0.0,19,26,0.0,1,3,1,131,131,Champions
user_2117,2025-06-19,25,0.0,12,25,0.0,2,3,1,231,231,Champions
user_2128,2025-06-15,25,2.99,16,25,2.99,1,3,4,134,134,Champions
user_2137,2025-05-14,31,2.97,48,31,2.97,1,5,4,154,154,Champions
user_2145,2025-06-20,22,0.0,11,22,0.0,2,3,1,231,231,Champions
user_2155,2025-06-01,21,0.0,30,21,0.0,1,2,1,121,121,Champions
user_2156,2025-05-25,28,3.98,37,28,3.98,1,4,4,144,144,Champions
user_2158,2025-06-11,19,0.99,20,19,0.99,1,2,3,123,123,Champions
user_2160,2025-06-22,16,0.0,9,16,0.0,2,2,1,221,221,Champions
user_2168,2025-05-23,23,3.98,39,23,3.98,1,3,4,134,134,Champions
user_2172,2025-05-26,27,0.0,36,27,0.0,1,4,1,141,141,Champions
user_2173,2025-05-29,25,0.0,33,25,0.0,1,3,1,131,131,Champions
user_2178,2025-06-21,20,0.0,10,20,0.0,2,2,1,221,221,Champions
user_2179,2025-06-21,20,0.99,10,20,0.99,2,2,3,223,223,Champions
user_2181,2025-06-18,20,0.99,13,20,0.99,2,2,3,223,223,Champions
user_2183,2025-06-13,27,0.0,18,27,0.0,1,4,1,141,141,Champions
user_2185,2025-06-23,20,0.0,8,20,0.0,2,2,1,221,221,Champions
user_2190,2025-06-23,18,0.0,8,18,0.0,2,2,1,221,221,Champions
user_2191,2025-06-13,30,2.99,18,30,2.99,1,4,4,144,144,Champions
user_2195,2025-05-25,35,13.97,37,35,13.97,1,5,5,155,155,Champions
user_2197,2025-06-14,28,1.98,17,28,1.98,1,4,4,144,144,Champions
user_2199,2025-06-19,22,0.0,12,22,0.0,2,3,1,231,231,Champions
user_2202,2025-06-05,27,4.970000000000001,26,27,4.970000000000001,1,4,5,145,145,Champions
user_2204,2025-06-15,31,1.98,16,31,1.98,1,5,4,154,154,Champions
user_221,2025-06-18,21,19.99,13,21,19.99,2,2,5,225,225,Champions
user_2213,2025-05-31,33,3.98,31,33,3.98,1,5,4,154,154,Champions
user_2220,2025-05-12,31,1.98,50,31,1.98,1,5,4,154,154,Champions
user_2223,2025-06-01,31,9.99,30,31,9.99,1,5,5,155,155,Champions
user_2225,2025-05-21,29,0.99,41,29,0.99,1,4,3,143,143,Champions
user_2227,2025-06-11,29,0.0,20,29,0.0,1,4,1,141,141,Champions
user_223,2025-05-08,35,2.99,54,35,2.99,1,5,4,154,154,Champions
user_2232,2025-06-03,34,10.98,28,34,10.98,1,5,5,155,155,Champions
user_2239,2025-06-11,29,2.99,20,29,2.99,1,4,4,144,144,Champions
user_2240,2025-06-02,32,4.970000000000001,29,32,4.970000000000001,1,5,5,155,155,Champions
user_2242,2025-06-15,37,5.96,16,37,5.96,1,5,5,155,155,Champions
user_2243,2025-06-15,21,3.98,16,21,3.98,1,2,4,124,124,Champions
user_2247,2025-05-10,31,0.99,52,31,0.99,1,5,3,153,153,Champions
user_2257,2025-06-22,17,0.0,9,17,0.0,2,2,1,221,221,Champions
user_2258,2025-06-08,33,2.99,23,33,2.99,1,5,4,154,154,Champions
user_226,2025-06-02,34,2.97,29,34,2.97,1,5,4,154,154,Champions
user_2270,2025-06-15,21,2.97,16,21,2.97,1,2,4,124,124,Champions
user_2271,2025-06-08,33,31.96,23,33,31.96,1,5,5,155,155,Champions
user_2279,2025-06-19,19,0.0,12,19,0.0,2,2,1,221,221,Champions
user_2280,2025-06-06,33,0.99,25,33,0.99,1,5,3,153,153,Champions
user_2281,2025-06-15,30,0.0,16,30,0.0,1,4,1,141,141,Champions
user_2284,2025-06-09,24,19.99,22,24,19.99,1,3,5,135,135,Champions
user_2285,2025-06-02,31,3.98,29,31,3.98,1,5,4,154,154,Champions
user_2292,2025-06-14,36,1.98,17,36,1.98,1,5,4,154,154,Champions
user_2293,2025-06-11,24,0.99,20,24,0.99,1,3,3,133,133,Champions
user_2295,2025-05-27,26,2.99,35,26,2.99,1,3,4,134,134,Champions
user_2297,2025-06-02,29,0.99,29,29,0.99,1,4,3,143,143,Champions
user_2298,2025-06-07,29,0.99,24,29,0.99,1,4,3,143,143,Champions
user_2299,2025-06-04,29,20.98,27,29,20.98,1,4,5,145,145,Champions
user_2301,2025-06-16,8,0.99,15,8,0.99,2,1,3,213,213,Champions
user_2308,2025-06-18,24,0.0,13,24,0.0,2,3,1,231,231,Champions
user_2316,2025-06-06,35,3.98,25,35,3.98,1,5,4,154,154,Champions
user_2319,2025-06-13,22,0.0,18,22,0.0,1,3,1,131,131,Champions
user_232,2025-06-09,25,0.0,22,25,0.0,1,3,1,131,131,Champions
user_2325,2025-06-22,9,0.0,9,9,0.0,2,1,1,211,211,Champions
user_2328,2025-06-15,26,0.99,16,26,0.99,1,3,3,133,133,Champions
user_2329,2025-06-23,17,0.0,8,17,0.0,2,2,1,221,221,Champions
user_2330,2025-06-15,25,20.98,16,25,20.98,1,3,5,135,135,Champions
user_2332,2025-06-03,30,0.99,28,30,0.99,1,4,3,143,143,Champions
user_2335,2025-05-18,32,19.99,44,32,19.99,1,5,5,155,155,Champions
user_2339,2025-06-11,26,13.97,20,26,13.97,1,3,5,135,135,Champions
user_2341,2025-06-21,14,0.99,10,14,0.99,2,2,3,223,223,Champions
user_2342,2025-06-03,34,0.0,28,34,0.0,1,5,1,151,151,Champions
user_2350,2025-05-24,39,2.97,38,39,2.97,1,5,4,154,154,Champions
user_2352,2025-06-20,4,0.0,11,4,0.0,2,1,1,211,211,Champions
user_2356,2025-04-28,23,5.98,64,23,5.98,1,3,5,135,135,Champions
user_2359,2025-06-21,21,2.99,10,21,2.99,2,2,4,224,224,Champions
user_2360,2025-06-05,30,0.0,26,30,0.0,1,4,1,141,141,Champions
user_2361,2025-05-08,27,12.98,54,27,12.98,1,4,5,145,145,Champions
user_2365,2025-06-14,19,0.0,17,19,0.0,1,2,1,121,121,Champions
user_2366,2025-06-08,30,0.0,23,30,0.0,1,4,1,141,141,Champions
user_2367,2025-06-04,32,0.99,27,32,0.99,1,5,3,153,153,Champions
user_237,2025-06-10,27,0.99,21,27,0.99,1,4,3,143,143,Champions
user_2377,2025-06-14,36,24.96,17,36,24.96,1,5,5,155,155,Champions
user_2385,2025-06-14,27,2.99,17,27,2.99,1,4,4,144,144,Champions
user_2386,2025-06-14,17,0.99,17,17,0.99,1,2,3,123,123,Champions
user_2391,2025-06-12,28,2.99,19,28,2.99,1,4,4,144,144,Champions
user_2402,2025-06-03,26,0.0,28,26,0.0,1,3,1,131,131,Champions
user_2410,2025-06-18,24,0.0,13,24,0.0,2,3,1,231,231,Champions
user_2419,2025-05-09,26,0.0,53,26,0.0,1,3,1,131,131,Champions
user_2422,2025-05-10,24,0.99,52,24,0.99,1,3,3,133,133,Champions
user_2427,2025-06-13,30,33.96,18,30,33.96,1,4,5,145,145,Champions
user_2434,2025-06-04,29,10.98,27,29,10.98,1,4,5,145,145,Champions
user_2445,2025-06-09,23,2.99,22,23,2.99,1,3,4,134,134,Champions
user_2448,2025-06-10,30,0.99,21,30,0.99,1,4,3,143,143,Champions
user_245,2025-06-10,30,5.98,21,30,5.98,1,4,5,145,145,Champions
user_2450,2025-06-13,21,21.969999999999995,18,21,21.969999999999995,1,2,5,125,125,Champions
user_2454,2025-06-05,27,0.0,26,27,0.0,1,4,2,142,142,Champions
user_2456,2025-06-05,35,9.99,26,35,9.99,1,5,5,155,155,Champions
user_2464,2025-06-12,15,1.98,19,15,1.98,1,2,4,124,124,Champions
user_2468,2025-06-06,34,5.98,25,34,5.98,1,5,5,155,155,Champions
user_2470,2025-06-07,16,0.0,24,16,0.0,1,2,2,122,122,Champions
user_2479,2025-05-30,37,0.99,32,37,0.99,1,5,3,153,153,Champions
user_2480,2025-06-21,7,19.99,10,7,19.99,2,1,5,215,215,Champions
user_2488,2025-06-23,8,0.0,8,8,0.0,2,1,2,212,212,Champions
user_2491,2025-06-08,21,0.0,23,21,0.0,1,2,2,122,122,Champions
user_2492,2025-06-05,32,2.99,26,32,2.99,1,5,4,154,154,Champions
user_2496,2025-06-07,18,9.99,24,18,9.99,1,2,5,125,125,Champions
user_25,2025-06-19,22,0.0,12,22,0.0,2,3,2,232,232,Champions
user_2500,2025-06-11,21,0.0,20,21,0.0,1,2,2,122,122,Champions
user_2505,2025-05-31,33,0.99,31,33,0.99,1,5,3,153,153,Champions
user_2508,2025-06-14,27,0.0,17,27,0.0,1,4,2,142,142,Champions
user_2513,2025-05-30,22,2.99,32,22,2.99,1,3,4,134,134,Champions
user_2522,2025-05-24,34,0.0,38,34,0.0,1,5,2,152,152,Champions
user_2523,2025-06-09,26,0.0,22,26,0.0,1,3,2,132,132,Champions
user_2527,2025-06-15,30,0.99,16,30,0.99,1,4,3,143,143,Champions
user_2529,2025-06-03,26,0.99,28,26,0.99,1,3,3,133,133,Champions
user_253,2025-06-11,5,0.0,20,5,0.0,1,1,2,112,112,Champions
user_2534,2025-06-05,33,0.99,26,33,0.99,1,5,3,153,153,Champions
user_254,2025-06-19,23,0.0,12,23,0.0,2,3,2,232,232,Champions
user_2541,2025-06-21,15,0.99,10,15,0.99,2,2,3,223,223,Champions
user_2545,2025-06-14,44,12.98,17,44,12.98,1,5,5,155,155,Champions
user_2550,2025-05-12,35,0.99,50,35,0.99,1,5,3,153,153,Champions
user_2551,2025-06-11,30,2.99,20,30,2.99,1,4,4,144,144,Champions
user_2558,2025-06-14,25,2.99,17,25,2.99,1,3,4,134,134,Champions
user_2563,2025-06-14,27,12.98,17,27,12.98,1,4,5,145,145,Champions
user_2564,2025-05-19,24,0.0,43,24,0.0,1,3,2,132,132,Champions
user_2566,2025-06-09,25,0.0,22,25,0.0,1,3,2,132,132,Champions
user_2573,2025-06-14,34,3.98,17,34,3.98,1,5,5,155,155,Champions
user_2581,2025-06-15,42,23.97,16,42,23.97,1,5,5,155,155,Champions
user_2587,2025-06-11,34,24.95,20,34,24.95,1,5,5,155,155,Champions
user_2588,2025-06-18,18,3.98,13,18,3.98,2,2,5,225,225,Champions
user_2589,2025-06-21,26,0.0,10,26,0.0,2,3,2,232,232,Champions
user_2595,2025-05-26,26,2.99,36,26,2.99,1,3,4,134,134,Champions
user_2600,2025-06-11,34,1.98,20,34,1.98,1,5,4,154,154,Champions
user_2602,2025-05-17,22,0.0,45,22,0.0,1,3,2,132,132,Champions
user_2605,2025-06-05,44,20.97,26,44,20.97,1,5,5,155,155,Champions
user_261,2025-06-22,21,0.0,9,21,0.0,2,2,2,222,222,Champions
user_2610,2025-05-30,27,0.99,32,27,0.99,1,4,3,143,143,Champions
user_2616,2025-05-12,26,3.98,50,26,3.98,1,3,5,135,135,Champions
user_2624,2025-06-18,2,0.0,13,2,0.0,2,1,2,212,212,Champions
user_2627,2025-05-17,25,0.99,45,25,0.99,1,3,3,133,133,Champions
user_2631,2025-06-22,17,1.98,9,17,1.98,2,2,4,224,224,Champions
user_2633,2025-05-11,25,5.98,51,25,5.98,1,3,5,135,135,Champions
user_2641,2025-06-14,29,0.99,17,29,0.99,1,4,3,143,143,Champions
user_2644,2025-06-20,20,9.99,11,20,9.99,2,2,5,225,225,Champions
user_2645,2025-05-24,22,0.0,38,22,0.0,1,3,2,132,132,Champions
user_2646,2025-06-22,19,5.96,9,19,5.96,2,2,5,225,225,Champions
user_265,2025-06-18,7,0.0,13,7,0.0,2,1,2,212,212,Champions
user_2651,2025-05-27,24,0.0,35,24,0.0,1,3,2,132,132,Champions
user_2654,2025-06-11,36,2.99,20,36,2.99,1,5,4,154,154,Champions
user_2655,2025-06-20,15,0.0,11,15,0.0,2,2,2,222,222,Champions
user_2667,2025-06-04,34,1.98,27,34,1.98,1,5,4,154,154,Champions
user_2674,2025-05-27,31,2.99,35,31,2.99,1,5,4,154,154,Champions
user_2676,2025-06-03,24,10.98,28,24,10.98,1,3,5,135,135,Champions
user_2679,2025-05-27,25,2.99,35,25,2.99,1,3,4,134,134,Champions
user_2683,2025-06-12,34,3.98,19,34,3.98,1,5,5,155,155,Champions
user_2685,2025-05-29,30,0.0,33,30,0.0,1,4,2,142,142,Champions
user_2686,2025-05-15,23,0.0,47,23,0.0,1,3,2,132,132,Champions
user_2687,2025-06-10,19,2.99,21,19,2.99,1,2,4,124,124,Champions
user_269,2025-06-01,21,20.98,30,21,20.98,1,2,5,125,125,Champions
user_2691,2025-06-22,21,0.99,9,21,0.99,2,2,3,223,223,Champions
user_2693,2025-05-26,25,7.960000000000001,36,25,7.960000000000001,1,3,5,135,135,Champions
user_2697,2025-06-17,16,0.0,14,16,0.0,2,2,2,222,222,Champions
user_2703,2025-06-21,26,0.0,10,26,0.0,2,3,2,232,232,Champions
user_2704,2025-05-15,33,0.99,47,33,0.99,1,5,3,153,153,Champions
user_2715,2025-05-30,31,2.99,32,31,2.99,1,5,4,154,154,Champions
user_2716,2025-06-12,22,0.0,19,22,0.0,1,3,2,132,132,Champions
user_2723,2025-06-18,12,0.0,13,12,0.0,2,1,2,212,212,Champions
user_2725,2025-06-09,24,0.0,22,24,0.0,1,3,2,132,132,Champions
user_2736,2025-06-23,12,9.99,8,12,9.99,2,1,5,215,215,Champions
user_2740,2025-06-10,38,9.99,21,38,9.99,1,5,5,155,155,Champions
user_2742,2025-06-13,37,3.98,18,37,3.98,1,5,5,155,155,Champions
user_2743,2025-06-03,27,0.0,28,27,0.0,1,4,2,142,142,Champions
user_2744,2025-05-31,29,10.98,31,29,10.98,1,4,5,145,145,Champions
user_2746,2025-06-20,13,0.0,11,13,0.0,2,1,2,212,212,Champions
user_2748,2025-05-26,26,0.0,36,26,0.0,1,3,2,132,132,Champions
user_2750,2025-06-21,20,2.99,10,20,2.99,2,2,4,224,224,Champions
user_2752,2025-06-22,21,0.99,9,21,0.99,2,2,3,223,223,Champions
user_2754,2025-06-01,29,0.0,30,29,0.0,1,4,2,142,142,Champions
user_2757,2025-06-23,18,0.0,8,18,0.0,2,2,2,222,222,Champions
user_2761,2025-06-13,33,0.99,18,33,0.99,1,5,3,153,153,Champions
user_2762,2025-06-12,37,2.97,19,37,2.97,1,5,4,154,154,Champions
user_2764,2025-06-15,24,3.98,16,24,3.98,1,3,5,135,135,Champions
user_2765,2025-06-15,36,10.98,16,36,10.98,1,5,5,155,155,Champions
user_2768,2025-05-25,26,0.99,37,26,0.99,1,3,3,133,133,Champions
user_2771,2025-06-13,28,4.970000000000001,18,28,4.970000000000001,1,4,5,145,145,Champions
user_2781,2025-05-18,28,2.99,44,28,2.99,1,4,4,144,144,Champions
user_2782,2025-06-22,10,0.99,9,10,0.99,2,1,3,213,213,Champions
user_279,2025-06-22,16,9.99,9,16,9.99,2,2,5,225,225,Champions
user_2794,2025-06-15,25,2.99,16,25,2.99,1,3,4,134,134,Champions
user_28,2025-06-23,21,0.0,8,21,0.0,2,2,2,222,222,Champions
user_2800,2025-06-11,25,9.99,20,25,9.99,1,3,5,135,135,Champions
user_2807,2025-06-19,11,0.99,12,11,0.99,2,1,3,213,213,Champions
user_2809,2025-06-15,25,0.0,16,25,0.0,1,3,2,132,132,Champions
user_2815,2025-06-23,26,0.0,8,26,0.0,2,3,2,232,232,Champions
user_2818,2025-05-30,29,0.0,32,29,0.0,1,4,2,142,142,Champions
user_2819,2025-05-21,29,2.99,41,29,2.99,1,4,4,144,144,Champions
user_2820,2025-06-12,28,0.99,19,28,0.99,1,4,3,143,143,Champions
user_2824,2025-06-06,30,6.970000000000001,25,30,6.970000000000001,1,4,5,145,145,Champions
user_2827,2025-06-18,13,0.0,13,13,0.0,2,1,2,212,212,Champions
user_2828,2025-05-25,27,0.99,37,27,0.99,1,4,3,143,143,Champions
user_2829,2025-06-22,18,0.0,9,18,0.0,2,2,2,222,222,Champions
user_283,2025-06-17,25,0.0,14,25,0.0,2,3,2,232,232,Champions
user_284,2025-05-30,29,0.99,32,29,0.99,1,4,3,143,143,Champions
user_2840,2025-06-14,31,2.97,17,31,2.97,1,5,4,154,154,Champions
user_2841,2025-06-19,22,0.0,12,22,0.0,2,3,2,232,232,Champions
user_2842,2025-06-19,17,0.0,12,17,0.0,2,2,2,222,222,Champions
user_2848,2025-06-15,30,0.99,16,30,0.99,1,4,3,143,143,Champions
user_2852,2025-06-14,29,12.98,17,29,12.98,1,4,5,145,145,Champions
user_2856,2025-06-05,22,0.0,26,22,0.0,1,3,2,132,132,Champions
user_2857,2025-05-15,24,4.970000000000001,47,24,4.970000000000001,1,3,5,135,135,Champions
user_2858,2025-06-09,28,20.98,22,28,20.98,1,4,5,145,145,Champions
user_2859,2025-05-14,26,0.99,48,26,0.99,1,3,3,133,133,Champions
user_286,2025-05-17,22,4.970000000000001,45,22,4.970000000000001,1,3,5,135,135,Champions
user_2860,2025-05-31,27,10.98,31,27,10.98,1,4,5,145,145,Champions
user_2865,2025-06-18,22,0.0,13,22,0.0,2,3,2,232,232,Champions
user_287,2025-06-15,25,0.99,16,25,0.99,1,3,3,133,133,Champions
user_2876,2025-06-13,25,1.98,18,25,1.98,1,3,4,134,134,Champions
user_2884,2025-05-23,30,13.97,39,30,13.97,1,4,5,145,145,Champions
user_2885,2025-05-29,33,3.98,33,33,3.98,1,5,5,155,155,Champions
user_2895,2025-05-26,41,0.0,36,41,0.0,1,5,2,152,152,Champions
user_2900,2025-05-30,33,0.0,32,33,0.0,1,5,2,152,152,Champions
user_2901,2025-05-28,38,0.99,34,38,0.99,1,5,3,153,153,Champions
user_2903,2025-05-30,23,0.99,32,23,0.99,1,3,3,133,133,Champions
user_2904,2025-06-15,28,0.99,16,28,0.99,1,4,3,143,143,Champions
user_2908,2025-06-11,32,4.970000000000001,20,32,4.970000000000001,1,5,5,155,155,Champions
user_291,2025-05-26,29,6.970000000000001,36,29,6.970000000000001,1,4,5,145,145,Champions
user_2912,2025-06-07,31,3.98,24,31,3.98,1,5,5,155,155,Champions
user_2917,2025-06-23,20,9.96,8,20,9.96,2,2,5,225,225,Champions
user_2919,2025-06-19,19,23.97,12,19,23.97,2,2,5,225,225,Champions
user_292,2025-06-07,27,0.0,24,27,0.0,1,4,2,142,142,Champions
user_2922,2025-06-22,15,0.0,9,15,0.0,2,2,2,222,222,Champions
user_2924,2025-06-12,34,6.970000000000001,19,34,6.970000000000001,1,5,5,155,155,Champions
user_2927,2025-06-23,15,0.99,8,15,0.99,2,2,3,223,223,Champions
user_293,2025-06-23,15,0.0,8,15,0.0,2,2,2,222,222,Champions
user_2940,2025-05-26,34,40.97,36,34,40.97,1,5,5,155,155,Champions
user_2945,2025-06-23,11,0.0,8,11,0.0,2,1,2,212,212,Champions
user_2961,2025-06-15,30,0.99,16,30,0.99,1,4,3,143,143,Champions
user_2966,2025-06-20,14,3.98,11,14,3.98,2,2,5,225,225,Champions
user_2967,2025-06-16,20,0.0,15,20,0.0,2,2,2,222,222,Champions
user_2971,2025-06-23,23,0.0,8,23,0.0,2,3,2,232,232,Champions
user_2972,2025-05-21,27,3.98,41,27,3.98,1,4,5,145,145,Champions
user_2975,2025-06-22,22,0.0,9,22,0.0,2,3,2,232,232,Champions
user_2976,2025-05-07,27,0.0,55,27,0.0,1,4,2,142,142,Champions
user_2982,2025-05-22,29,0.0,40,29,0.0,1,4,2,142,142,Champions
user_2987,2025-06-04,30,9.99,27,30,9.99,1,4,5,145,145,Champions
user_2988,2025-06-23,20,1.98,8,20,1.98,2,2,4,224,224,Champions
user_2989,2025-06-20,13,0.0,11,13,0.0,2,1,2,212,212,Champions
user_2991,2025-06-02,32,12.98,29,32,12.98,1,5,5,155,155,Champions
user_2993,2025-06-20,19,19.98,11,19,19.98,2,2,5,225,225,Champions
user_2996,2025-06-21,10,0.0,10,10,0.0,2,1,2,212,212,Champions
user_2999,2025-06-15,31,3.98,16,31,3.98,1,5,5,155,155,Champions
user_3,2025-06-22,14,0.0,9,14,0.0,2,2,2,222,222,Champions
user_30,2025-05-25,26,2.99,37,26,2.99,1,3,4,134,134,Champions
user_300,2025-05-03,22,0.99,59,22,0.99,1,3,3,133,133,Champions
user_3000,2025-06-23,8,0.0,8,8,0.0,2,1,2,212,212,Champions
user_3009,2025-06-21,20,0.0,10,20,0.0,2,2,2,222,222,Champions
user_301,2025-05-24,25,19.99,38,25,19.99,1,3,5,135,135,Champions
user_3010,2025-06-13,32,21.97,18,32,21.97,1,5,5,155,155,Champions
user_3011,2025-06-19,22,0.0,12,22,0.0,2,3,2,232,232,Champions
user_3017,2025-06-21,13,0.0,10,13,0.0,2,1,2,212,212,Champions
user_302,2025-06-22,22,0.0,9,22,0.0,2,3,2,232,232,Champions
user_3024,2025-06-15,27,2.99,16,27,2.99,1,4,4,144,144,Champions
user_3025,2025-06-15,34,4.970000000000001,16,34,4.970000000000001,1,5,5,155,155,Champions
user_3028,2025-06-09,14,0.0,22,14,0.0,1,2,2,122,122,Champions
user_3030,2025-06-23,21,0.0,8,21,0.0,2,2,2,222,222,Champions
user_3031,2025-06-04,22,2.99,27,22,2.99,1,3,4,134,134,Champions
user_3035,2025-06-10,31,1.98,21,31,1.98,1,5,4,154,154,Champions
user_3039,2025-06-06,37,0.99,25,37,0.99,1,5,3,153,153,Champions
user_304,2025-06-15,16,0.0,16,16,0.0,1,2,2,122,122,Champions
user_3040,2025-06-21,20,2.99,10,20,2.99,2,2,4,224,224,Champions
user_3041,2025-05-30,30,13.97,32,30,13.97,1,4,5,145,145,Champions
user_3043,2025-06-07,30,2.99,24,30,2.99,1,4,4,144,144,Champions
user_305,2025-06-07,11,0.0,24,11,0.0,1,1,2,112,112,Champions
user_3050,2025-05-31,23,0.0,31,23,0.0,1,3,2,132,132,Champions
user_3053,2025-06-13,26,2.99,18,26,2.99,1,3,4,134,134,Champions
user_3058,2025-06-02,37,0.0,29,37,0.0,1,5,2,152,152,Champions
user_3059,2025-05-24,27,0.0,38,27,0.0,1,4,2,142,142,Champions
user_3062,2025-05-31,29,2.99,31,29,2.99,1,4,4,144,144,Champions
user_3072,2025-06-16,15,19.99,15,15,19.99,2,2,5,225,225,Champions
user_3073,2025-06-22,24,0.0,9,24,0.0,2,3,2,232,232,Champions
user_3078,2025-06-04,29,19.98,27,29,19.98,1,4,5,145,145,Champions
user_3079,2025-06-13,26,0.0,18,26,0.0,1,3,2,132,132,Champions
user_3095,2025-06-13,28,4.970000000000001,18,28,4.970000000000001,1,4,5,145,145,Champions
user_3098,2025-06-12,23,2.99,19,23,2.99,1,3,4,134,134,Champions
user_3099,2025-05-22,25,13.97,40,25,13.97,1,3,5,135,135,Champions
user_3100,2025-06-14,34,0.99,17,34,0.99,1,5,3,153,153,Champions
user_3107,2025-06-15,18,0.99,16,18,0.99,1,2,3,123,123,Champions
user_3108,2025-06-06,39,3.98,25,39,3.98,1,5,5,155,155,Champions
user_311,2025-06-09,27,0.0,22,27,0.0,1,4,2,142,142,Champions
user_3114,2025-05-13,21,0.0,49,21,0.0,1,2,2,122,122,Champions
user_3118,2025-04-28,24,0.0,64,24,0.0,1,3,2,132,132,Champions
user_3121,2025-06-02,28,2.97,29,28,2.97,1,4,4,144,144,Champions
user_3128,2025-06-09,34,19.99,22,34,19.99,1,5,5,155,155,Champions
user_313,2025-06-01,24,2.97,30,24,2.97,1,3,4,134,134,Champions
user_3134,2025-06-14,24,0.99,17,24,0.99,1,3,3,133,133,Champions
user_3136,2025-06-23,16,0.0,8,16,0.0,2,2,2,222,222,Champions
user_3148,2025-06-20,13,0.0,11,13,0.0,2,1,2,212,212,Champions
user_3154,2025-06-22,26,0.0,9,26,0.0,2,3,2,232,232,Champions
user_316,2025-06-14,12,0.0,17,12,0.0,1,1,2,112,112,Champions
user_3160,2025-06-05,25,3.98,26,25,3.98,1,3,5,135,135,Champions
user_3162,2025-05-31,23,2.99,31,23,2.99,1,3,4,134,134,Champions
user_3168,2025-05-27,29,1.98,35,29,1.98,1,4,4,144,144,Champions
user_3170,2025-06-20,25,0.0,11,25,0.0,2,3,2,232,232,Champions
user_3175,2025-06-12,41,10.95,19,41,10.95,1,5,5,155,155,Champions
user_3176,2025-06-12,26,8.97,19,26,8.97,1,3,5,135,135,Champions
user_318,2025-06-15,27,0.0,16,27,0.0,1,4,2,142,142,Champions
user_3181,2025-05-30,22,9.99,32,22,9.99,1,3,5,135,135,Champions
user_3182,2025-06-04,20,0.99,27,20,0.99,1,2,3,123,123,Champions
user_3183,2025-06-10,27,0.0,21,27,0.0,1,4,2,142,142,Champions
user_319,2025-05-16,22,0.99,46,22,0.99,1,3,3,133,133,Champions
user_3191,2025-06-12,30,2.99,19,30,2.99,1,4,4,144,144,Champions
user_3194,2025-05-29,23,0.0,33,23,0.0,1,3,2,132,132,Champions
user_3195,2025-06-09,33,0.99,22,33,0.99,1,5,3,153,153,Champions
user_32,2025-06-03,25,0.0,28,25,0.0,1,3,2,132,132,Champions
user_3203,2025-06-12,35,1.98,19,35,1.98,1,5,4,154,154,Champions
user_3204,2025-06-20,9,0.0,11,9,0.0,2,1,2,212,212,Champions
user_3213,2025-05-01,23,0.99,61,23,0.99,1,3,3,133,133,Champions
user_3215,2025-06-14,30,0.99,17,30,0.99,1,4,3,143,143,Champions
user_3216,2025-06-06,36,0.99,25,36,0.99,1,5,3,153,153,Champions
user_3217,2025-06-14,27,10.98,17,27,10.98,1,4,5,145,145,Champions
user_3218,2025-06-04,39,12.98,27,39,12.98,1,5,5,155,155,Champions
user_3222,2025-06-04,29,2.99,27,29,2.99,1,4,4,144,144,Champions
user_3224,2025-05-29,27,12.96,33,27,12.96,1,4,5,145,145,Champions
user_3225,2025-06-15,27,1.98,16,27,1.98,1,4,4,144,144,Champions
user_3237,2025-06-11,34,1.98,20,34,1.98,1,5,4,154,154,Champions
user_3239,2025-06-23,26,0.0,8,26,0.0,2,3,2,232,232,Champions
user_3241,2025-06-11,17,0.99,20,17,0.99,1,2,3,123,123,Champions
user_3246,2025-05-19,24,2.99,43,24,2.99,1,3,4,134,134,Champions
user_3248,2025-06-20,21,0.0,11,21,0.0,2,2,2,222,222,Champions
user_3252,2025-06-02,35,0.0,29,35,0.0,1,5,2,152,152,Champions
user_3258,2025-06-07,32,0.0,24,32,0.0,1,5,2,152,152,Champions
user_327,2025-06-20,21,0.0,11,21,0.0,2,2,2,222,222,Champions
user_3281,2025-06-10,27,0.99,21,27,0.99,1,4,3,143,143,Champions
user_329,2025-06-14,30,1.98,17,30,1.98,1,4,4,144,144,Champions
user_3291,2025-05-21,32,0.99,41,32,0.99,1,5,3,153,153,Champions
user_3292,2025-06-22,8,9.99,9,8,9.99,2,1,5,215,215,Champions
user_3296,2025-05-11,21,3.98,51,21,3.98,1,2,5,125,125,Champions
user_3298,2025-06-13,29,2.99,18,29,2.99,1,4,4,144,144,Champions
user_3299,2025-06-18,19,10.98,13,19,10.98,2,2,5,225,225,Champions
user_33,2025-05-25,28,21.96,37,28,21.96,1,4,5,145,145,Champions
user_3300,2025-06-22,14,0.0,9,14,0.0,2,2,2,222,222,Champions
user_3308,2025-06-08,32,0.0,23,32,0.0,1,5,2,152,152,Champions
user_331,2025-05-29,19,2.99,33,19,2.99,1,2,4,124,124,Champions
user_3314,2025-06-09,32,5.960000000000001,22,32,5.960000000000001,1,5,5,155,155,Champions
user_3318,2025-05-19,39,13.97,43,39,13.97,1,5,5,155,155,Champions
user_3319,2025-06-19,13,0.0,12,13,0.0,2,1,2,212,212,Champions
user_3320,2025-06-18,14,0.0,13,14,0.0,2,2,2,222,222,Champions
user_3322,2025-06-11,30,0.99,20,30,0.99,1,4,3,143,143,Champions
user_3329,2025-06-23,23,0.0,8,23,0.0,2,3,2,232,232,Champions
user_3330,2025-06-22,12,0.0,9,12,0.0,2,1,2,212,212,Champions
user_3331,2025-06-19,22,0.0,12,22,0.0,2,3,2,232,232,Champions
user_3334,2025-05-31,35,3.98,31,35,3.98,1,5,5,155,155,Champions
user_334,2025-06-10,37,3.96,21,37,3.96,1,5,4,154,154,Champions
user_3341,2025-06-21,8,0.0,10,8,0.0,2,1,2,212,212,Champions
user_3345,2025-06-22,23,0.0,9,23,0.0,2,3,2,232,232,Champions
user_3347,2025-06-13,22,0.0,18,22,0.0,1,3,2,132,132,Champions
user_3348,2025-05-28,31,0.0,34,31,0.0,1,5,2,152,152,Champions
user_335,2025-05-23,38,0.99,39,38,0.99,1,5,3,153,153,Champions
user_3351,2025-06-11,37,2.99,20,37,2.99,1,5,4,154,154,Champions
user_3352,2025-06-14,21,1.98,17,21,1.98,1,2,4,124,124,Champions
user_3354,2025-06-21,20,10.98,10,20,10.98,2,2,5,225,225,Champions
user_3356,2025-06-07,24,0.0,24,24,0.0,1,3,2,132,132,Champions
user_3357,2025-06-22,13,2.99,9,13,2.99,2,1,4,214,214,Champions
user_336,2025-06-06,36,0.99,25,36,0.99,1,5,3,153,153,Champions
user_3360,2025-06-19,19,0.0,12,19,0.0,2,2,2,222,222,Champions
user_3362,2025-06-05,28,21.969999999999995,26,28,21.969999999999995,1,4,5,145,145,Champions
user_3368,2025-06-01,27,0.0,30,27,0.0,1,4,2,142,142,Champions
user_3371,2025-06-09,33,2.97,22,33,2.97,1,5,4,154,154,Champions
user_3378,2025-06-09,29,9.99,22,29,9.99,1,4,5,145,145,Champions
user_3379,2025-06-15,32,0.0,16,32,0.0,1,5,2,152,152,Champions
user_3383,2025-06-11,37,10.95,20,37,10.95,1,5,5,155,155,Champions
user_3384,2025-06-14,26,0.0,17,26,0.0,1,3,2,132,132,Champions
user_3385,2025-06-02,33,2.99,29,33,2.99,1,5,4,154,154,Champions
user_3389,2025-06-02,23,19.99,29,23,19.99,1,3,5,135,135,Champions
user_3399,2025-06-13,28,0.0,18,28,0.0,1,4,2,142,142,Champions
user_340,2025-05-28,32,4.970000000000001,34,32,4.970000000000001,1,5,5,155,155,Champions
user_3401,2025-06-08,27,19.99,23,27,19.99,1,4,5,145,145,Champions
user_3402,2025-05-28,29,4.970000000000001,34,29,4.970000000000001,1,4,5,145,145,Champions
user_3410,2025-06-14,33,3.96,17,33,3.96,1,5,4,154,154,Champions
user_3412,2025-06-09,29,0.0,22,29,0.0,1,4,2,142,142,Champions
user_3417,2025-06-10,24,2.99,21,24,2.99,1,3,4,134,134,Champions
user_3419,2025-06-11,32,19.99,20,32,19.99,1,5,5,155,155,Champions
user_342,2025-06-07,26,3.98,24,26,3.98,1,3,5,135,135,Champions
user_3420,2025-05-27,28,10.98,35,28,10.98,1,4,5,145,145,Champions
user_3424,2025-06-06,38,1.98,25,38,1.98,1,5,4,154,154,Champions
user_3429,2025-06-23,7,0.0,8,7,0.0,2,1,2,212,212,Champions
user_343,2025-06-09,25,1.98,22,25,1.98,1,3,4,134,134,Champions
user_3434,2025-06-06,25,3.98,25,25,3.98,1,3,5,135,135,Champions
user_3456,2025-06-19,24,0.0,12,24,0.0,2,3,2,232,232,Champions
user_3462,2025-06-08,22,0.99,23,22,0.99,1,3,3,133,133,Champions
user_3465,2025-06-04,32,11.97,27,32,11.97,1,5,5,155,155,Champions
user_347,2025-06-19,25,0.0,12,25,0.0,2,3,2,232,232,Champions
user_3470,2025-06-14,23,5.96,17,23,5.96,1,3,5,135,135,Champions
user_3471,2025-04-26,30,0.99,66,30,0.99,1,4,3,143,143,Champions
user_3483,2025-06-13,29,2.99,18,29,2.99,1,4,4,144,144,Champions
user_3484,2025-06-22,5,0.0,9,5,0.0,2,1,2,212,212,Champions
user_3485,2025-06-15,25,2.99,16,25,2.99,1,3,4,134,134,Champions
user_3489,2025-06-03,30,19.99,28,30,19.99,1,4,5,145,145,Champions
user_349,2025-06-08,26,0.99,23,26,0.99,1,3,3,133,133,Champions
user_3490,2025-06-13,27,0.0,18,27,0.0,1,4,2,142,142,Champions
user_3491,2025-06-16,34,12.98,15,34,12.98,1,5,5,155,155,Champions
user_3496,2025-06-14,32,19.99,17,32,19.99,1,5,5,155,155,Champions
user_353,2025-06-21,22,0.0,10,22,0.0,2,3,2,232,232,Champions
user_356,2025-06-23,17,2.99,8,17,2.99,2,2,4,224,224,Champions
user_357,2025-06-04,27,2.97,27,27,2.97,1,4,4,144,144,Champions
user_365,2025-06-23,3,0.0,8,3,0.0,2,1,2,212,212,Champions
user_370,2025-05-27,30,0.99,35,30,0.99,1,4,3,143,143,Champions
user_371,2025-05-26,36,11.97,36,36,11.97,1,5,5,155,155,Champions
user_372,2025-04-25,27,0.99,67,27,0.99,1,4,3,143,143,Champions
user_378,2025-04-30,23,3.98,62,23,3.98,1,3,5,135,135,Champions
user_379,2025-06-24,12,0.0,7,12,0.0,2,1,2,212,212,Champions
user_384,2025-06-24,9,0.0,7,9,0.0,2,1,2,212,212,Champions
user_399,2025-06-23,14,0.0,8,14,0.0,2,2,2,222,222,Champions
user_400,2025-06-19,16,9.99,12,16,9.99,2,2,5,225,225,Champions
user_404,2025-06-22,10,0.0,9,10,0.0,2,1,2,212,212,Champions
user_408,2025-05-22,33,23.96,40,33,23.96,1,5,5,155,155,Champions
user_41,2025-06-14,23,0.99,17,23,0.99,1,3,3,133,133,Champions
user_410,2025-06-04,23,0.0,27,23,0.0,1,3,2,132,132,Champions
user_416,2025-06-13,24,0.0,18,24,0.0,1,3,2,132,132,Champions
user_418,2025-05-30,32,13.97,32,32,13.97,1,5,5,155,155,Champions
user_425,2025-05-30,38,0.0,32,38,0.0,1,5,2,152,152,Champions
user_429,2025-06-11,34,0.99,20,34,0.99,1,5,3,153,153,Champions
user_43,2025-05-22,31,0.0,40,31,0.0,1,5,2,152,152,Champions
user_430,2025-06-08,38,3.98,23,38,3.98,1,5,5,155,155,Champions
user_431,2025-05-27,30,1.98,35,30,1.98,1,4,4,144,144,Champions
user_434,2025-06-09,27,0.0,22,27,0.0,1,4,2,142,142,Champions
user_437,2025-06-10,30,6.970000000000001,21,30,6.970000000000001,1,4,5,145,145,Champions
user_457,2025-06-12,34,0.99,19,34,0.99,1,5,3,153,153,Champions
user_459,2025-05-28,29,1.98,34,29,1.98,1,4,4,144,144,Champions
user_461,2025-05-29,26,0.0,33,26,0.0,1,3,2,132,132,Champions
user_467,2025-06-06,22,9.99,25,22,9.99,1,3,5,135,135,Champions
user_469,2025-06-12,30,1.98,19,30,1.98,1,4,4,144,144,Champions
user_471,2025-06-02,35,2.99,29,35,2.99,1,5,4,154,154,Champions
user_473,2025-05-08,25,3.98,54,25,3.98,1,3,5,135,135,Champions
user_48,2025-06-20,20,0.99,11,20,0.99,2,2,3,223,223,Champions
user_487,2025-05-26,26,4.970000000000001,36,26,4.970000000000001,1,3,5,135,135,Champions
user_492,2025-06-11,12,0.0,20,12,0.0,1,1,2,112,112,Champions
user_501,2025-06-20,16,0.0,11,16,0.0,2,2,2,222,222,Champions
user_503,2025-06-10,21,2.99,21,21,2.99,1,2,4,124,124,Champions
user_515,2025-06-04,29,9.96,27,29,9.96,1,4,5,145,145,Champions
user_516,2025-06-04,29,12.96,27,29,12.96,1,4,5,145,145,Champions
user_517,2025-06-03,32,0.0,28,32,0.0,1,5,2,152,152,Champions
user_52,2025-06-23,12,0.0,8,12,0.0,2,1,2,212,212,Champions
user_520,2025-06-12,35,3.98,19,35,3.98,1,5,5,155,155,Champions
user_534,2025-06-14,18,0.0,17,18,0.0,1,2,2,122,122,Champions
user_538,2025-06-15,28,0.0,16,28,0.0,1,4,2,142,142,Champions
user_540,2025-06-09,32,2.97,22,32,2.97,1,5,4,154,154,Champions
user_543,2025-05-28,30,7.960000000000001,34,30,7.960000000000001,1,4,5,145,145,Champions
user_544,2025-06-21,17,0.0,10,17,0.0,2,2,2,222,222,Champions
user_547,2025-06-15,36,0.99,16,36,0.99,1,5,3,153,153,Champions
user_558,2025-06-02,36,0.99,29,36,0.99,1,5,3,153,153,Champions
user_562,2025-06-15,37,0.0,16,37,0.0,1,5,2,152,152,Champions
user_563,2025-06-07,26,0.99,24,26,0.99,1,3,3,133,133,Champions
user_564,2025-05-28,33,0.99,34,33,0.99,1,5,3,153,153,Champions
user_57,2025-05-09,31,1.98,53,31,1.98,1,5,4,154,154,Champions
user_570,2025-06-15,33,21.97,16,33,21.97,1,5,5,155,155,Champions
user_574,2025-06-10,20,0.99,21,20,0.99,1,2,3,123,123,Champions
user_577,2025-06-09,42,0.99,22,42,0.99,1,5,3,153,153,Champions
user_58,2025-06-09,28,6.970000000000001,22,28,6.970000000000001,1,4,5,145,145,Champions
user_580,2025-06-07,28,19.99,24,28,19.99,1,4,5,145,145,Champions
user_586,2025-06-16,27,0.99,15,27,0.99,1,4,3,143,143,Champions
user_588,2025-06-13,30,2.99,18,30,2.99,1,4,4,144,144,Champions
user_590,2025-06-15,37,3.98,16,37,3.98,1,5,5,155,155,Champions
user_592,2025-06-24,19,0.0,7,19,0.0,2,2,2,222,222,Champions
user_593,2025-05-28,32,0.99,34,32,0.99,1,5,3,153,153,Champions
user_594,2025-06-04,28,0.99,27,28,0.99,1,4,3,143,143,Champions
user_598,2025-06-15,29,0.99,16,29,0.99,1,4,4,144,144,Champions
user_599,2025-06-02,33,0.0,29,33,0.0,1,5,2,152,152,Champions
user_60,2025-06-10,26,2.99,21,26,2.99,1,3,4,134,134,Champions
user_600,2025-05-27,29,0.0,35,29,0.0,1,4,2,142,142,Champions
user_605,2025-06-07,34,1.98,24,34,1.98,1,5,4,154,154,Champions
user_609,2025-06-22,23,0.0,9,23,0.0,2,3,2,232,232,Champions
user_611,2025-06-09,29,0.0,22,29,0.0,1,4,2,142,142,Champions
user_612,2025-06-20,11,0.0,11,11,0.0,2,1,2,212,212,Champions
user_613,2025-06-21,19,5.98,10,19,5.98,2,2,5,225,225,Champions
user_614,2025-05-19,29,0.99,43,29,0.99,1,4,4,144,144,Champions
user_617,2025-05-25,39,1.98,37,39,1.98,1,5,4,154,154,Champions
user_618,2025-06-23,20,2.99,8,20,2.99,2,2,4,224,224,Champions
user_621,2025-06-07,31,13.97,24,31,13.97,1,5,5,155,155,Champions
user_622,2025-06-13,42,1.98,18,42,1.98,1,5,4,154,154,Champions
user_624,2025-06-13,32,2.99,18,32,2.99,1,5,4,154,154,Champions
user_629,2025-05-29,29,2.99,33,29,2.99,1,4,4,144,144,Champions
user_639,2025-06-11,22,3.98,20,22,3.98,1,3,5,135,135,Champions
user_64,2025-06-06,25,0.0,25,25,0.0,1,3,2,132,132,Champions
user_645,2025-06-17,26,0.0,14,26,0.0,2,3,2,232,232,Champions
user_648,2025-06-24,21,0.0,7,21,0.0,2,2,2,222,222,Champions
user_65,2025-06-14,23,0.0,17,23,0.0,1,3,2,132,132,Champions
user_650,2025-06-16,19,0.0,15,19,0.0,1,2,2,122,122,Champions
user_651,2025-06-06,29,2.99,25,29,2.99,1,4,4,144,144,Champions
user_653,2025-06-22,18,0.99,9,18,0.99,2,2,4,224,224,Champions
user_657,2025-06-07,29,0.99,24,29,0.99,1,4,4,144,144,Champions
user_659,2025-06-21,15,0.99,10,15,0.99,2,2,4,224,224,Champions
user_667,2025-06-12,28,0.99,19,28,0.99,1,4,4,144,144,Champions
user_669,2025-06-16,29,0.99,15,29,0.99,1,4,4,144,144,Champions
user_67,2025-06-17,20,0.99,14,20,0.99,2,2,4,224,224,Champions
user_673,2025-05-21,28,0.0,41,28,0.0,1,4,2,142,142,Champions
user_678,2025-06-10,22,0.0,21,22,0.0,1,3,2,132,132,Champions
user_68,2025-06-23,15,0.99,8,15,0.99,2,2,4,224,224,Champions
user_681,2025-06-18,8,2.99,13,8,2.99,2,1,4,214,214,Champions
user_688,2025-06-03,24,2.97,28,24,2.97,1,3,4,134,134,Champions
user_689,2025-06-22,8,0.0,9,8,0.0,2,1,2,212,212,Champions
user_69,2025-06-07,34,2.97,24,34,2.97,1,5,4,154,154,Champions
user_691,2025-06-08,29,10.98,23,29,10.98,1,4,5,145,145,Champions
user_692,2025-06-15,31,0.99,16,31,0.99,1,5,4,154,154,Champions
user_694,2025-05-29,25,10.98,33,25,10.98,1,3,5,135,135,Champions
user_695,2025-06-09,33,2.99,22,33,2.99,1,5,4,154,154,Champions
user_696,2025-06-15,18,0.0,16,18,0.0,1,2,2,122,122,Champions
user_7,2025-05-20,24,0.99,42,24,0.99,1,3,4,134,134,Champions
user_704,2025-05-22,30,0.0,40,30,0.0,1,4,2,142,142,Champions
user_705,2025-06-01,30,0.0,30,30,0.0,1,4,2,142,142,Champions
user_717,2025-06-24,8,0.0,7,8,0.0,2,1,2,212,212,Champions
user_719,2025-06-08,24,10.98,23,24,10.98,1,3,5,135,135,Champions
user_722,2025-06-03,28,1.98,28,28,1.98,1,4,4,144,144,Champions
user_723,2025-06-14,35,0.99,17,35,0.99,1,5,4,154,154,Champions
user_726,2025-06-18,13,3.98,13,13,3.98,2,1,5,215,215,Champions
user_73,2025-05-18,32,0.0,44,32,0.0,1,5,2,152,152,Champions
user_730,2025-06-07,29,0.99,24,29,0.99,1,4,4,144,144,Champions
user_736,2025-06-22,7,0.0,9,7,0.0,2,1,2,212,212,Champions
user_751,2025-05-19,31,0.0,43,31,0.0,1,5,2,152,152,Champions
user_755,2025-06-12,15,0.0,19,15,0.0,1,2,2,122,122,Champions
user_756,2025-06-24,12,0.0,7,12,0.0,2,1,3,213,213,Champions
user_761,2025-06-14,35,4.970000000000001,17,35,4.970000000000001,1,5,5,155,155,Champions
user_764,2025-06-22,13,0.0,9,13,0.0,2,1,3,213,213,Champions
user_765,2025-05-03,21,1.98,59,21,1.98,1,2,4,124,124,Champions
user_767,2025-06-23,13,0.99,8,13,0.99,2,1,4,214,214,Champions
user_768,2025-06-24,6,0.0,7,6,0.0,2,1,3,213,213,Champions
user_769,2025-06-15,23,0.0,16,23,0.0,1,3,3,133,133,Champions
user_77,2025-06-20,21,1.98,11,21,1.98,2,2,4,224,224,Champions
user_771,2025-06-14,29,0.0,17,29,0.0,1,4,3,143,143,Champions
user_776,2025-05-29,33,2.99,33,33,2.99,1,5,4,154,154,Champions
user_778,2025-06-23,13,0.0,8,13,0.0,2,1,3,213,213,Champions
user_779,2025-06-24,17,20.98,7,17,20.98,2,2,5,225,225,Champions
user_785,2025-06-11,41,3.98,20,41,3.98,1,5,5,155,155,Champions
user_786,2025-06-23,8,19.99,8,8,19.99,2,1,5,215,215,Champions
user_788,2025-06-01,16,2.99,30,16,2.99,1,2,4,124,124,Champions
user_79,2025-06-10,26,0.99,21,26,0.99,1,3,4,134,134,Champions
user_795,2025-05-18,38,2.99,44,38,2.99,1,5,4,154,154,Champions
user_803,2025-06-17,21,2.99,14,21,2.99,2,2,4,224,224,Champions
user_804,2025-06-20,21,0.0,11,21,0.0,2,2,3,223,223,Champions
user_805,2025-06-14,22,3.98,17,22,3.98,1,3,5,135,135,Champions
user_809,2025-06-04,24,33.96,27,24,33.96,1,3,5,135,135,Champions
user_810,2025-06-04,38,0.99,27,38,0.99,1,5,4,154,154,Champions
user_818,2025-06-13,30,3.98,18,30,3.98,1,4,5,145,145,Champions
user_819,2025-06-07,24,0.0,24,24,0.0,1,3,3,133,133,Champions
user_829,2025-06-24,20,0.99,7,20,0.99,2,2,4,224,224,Champions
user_83,2025-06-15,23,0.0,16,23,0.0,1,3,3,133,133,Champions
user_834,2025-06-11,30,0.99,20,30,0.99,1,4,4,144,144,Champions
user_841,2025-05-17,22,0.99,45,22,0.99,1,3,4,134,134,Champions
user_845,2025-05-23,27,19.99,39,27,19.99,1,4,5,145,145,Champions
user_846,2025-06-13,24,0.0,18,24,0.0,1,3,3,133,133,Champions
user_847,2025-05-23,37,0.99,39,37,0.99,1,5,4,154,154,Champions
user_851,2025-06-04,38,22.98,27,38,22.98,1,5,5,155,155,Champions
user_856,2025-06-07,25,1.98,24,25,1.98,1,3,4,134,134,Champions
user_857,2025-05-24,31,2.99,38,31,2.99,1,5,4,154,154,Champions
user_867,2025-06-05,21,5.98,26,21,5.98,1,2,5,125,125,Champions
user_868,2025-05-24,28,9.99,38,28,9.99,1,4,5,145,145,Champions
user_871,2025-06-12,27,0.0,19,27,0.0,1,4,3,143,143,Champions
user_873,2025-06-24,19,1.98,7,19,1.98,2,2,4,224,224,Champions
user_874,2025-06-11,32,9.99,20,32,9.99,1,5,5,155,155,Champions
user_875,2025-05-27,37,13.97,35,37,13.97,1,5,5,155,155,Champions
user_876,2025-06-14,31,0.99,17,31,0.99,1,5,4,154,154,Champions
user_878,2025-06-24,20,0.99,7,20,0.99,2,2,4,224,224,Champions
user_879,2025-06-07,35,0.99,24,35,0.99,1,5,4,154,154,Champions
user_88,2025-06-24,17,0.0,7,17,0.0,2,2,3,223,223,Champions
user_883,2025-05-19,32,10.98,43,32,10.98,1,5,5,155,155,Champions
user_884,2025-05-31,27,0.99,31,27,0.99,1,4,4,144,144,Champions
user_886,2025-05-29,32,19.99,33,32,19.99,1,5,5,155,155,Champions
user_889,2025-06-11,20,0.0,20,20,0.0,1,2,3,123,123,Champions
user_890,2025-06-11,27,0.0,20,27,0.0,1,4,3,143,143,Champions
user_894,2025-06-16,29,0.0,15,29,0.0,1,4,3,143,143,Champions
user_899,2025-04-28,34,2.97,64,34,2.97,1,5,4,154,154,Champions
user_900,2025-06-01,32,4.970000000000001,30,32,4.970000000000001,1,5,5,155,155,Champions
user_909,2025-06-02,26,19.99,29,26,19.99,1,4,5,145,145,Champions
user_91,2025-05-23,29,0.0,39,29,0.0,1,4,3,143,143,Champions
user_920,2025-06-11,34,9.99,20,34,9.99,1,5,5,155,155,Champions
user_926,2025-05-21,47,3.98,41,47,3.98,1,5,5,155,155,Champions
user_935,2025-06-09,39,0.0,22,39,0.0,1,5,3,153,153,Champions
user_936,2025-06-11,29,0.0,20,29,0.0,1,4,3,143,143,Champions
user_937,2025-05-27,31,20.98,35,31,20.98,1,5,5,155,155,Champions
user_939,2025-04-16,17,0.0,76,17,0.0,1,2,3,123,123,Champions
user_941,2025-06-16,30,7.960000000000001,15,30,7.960000000000001,1,4,5,145,145,Champions
user_952,2025-06-12,13,0.99,19,13,0.99,1,1,4,114,114,Champions
user_953,2025-06-08,31,0.0,23,31,0.0,1,5,3,153,153,Champions
user_958,2025-05-24,32,1.98,38,32,1.98,1,5,4,154,154,Champions
user_959,2025-06-14,27,12.98,17,27,12.98,1,4,5,145,145,Champions
user_964,2025-06-15,29,0.0,16,29,0.0,1,4,3,143,143,Champions
user_970,2025-06-15,29,0.0,16,29,0.0,1,4,3,143,143,Champions
user_974,2025-06-02,30,24.96,29,30,24.96,1,4,5,145,145,Champions
user_975,2025-05-24,27,0.0,38,27,0.0,1,4,3,143,143,Champions
user_976,2025-06-07,26,2.99,24,26,2.99,1,4,4,144,144,Champions
user_977,2025-06-13,14,0.99,18,14,0.99,1,2,4,124,124,Champions
user_978,2025-06-10,29,0.99,21,29,0.99,1,4,4,144,144,Champions
user_980,2025-06-16,18,22.98,15,18,22.98,1,2,5,125,125,Champions
user_981,2025-06-05,33,0.0,26,33,0.0,1,5,3,153,153,Champions
user_982,2025-06-24,14,0.99,7,14,0.99,2,2,4,224,224,Champions
user_983,2025-05-22,41,2.97,40,41,2.97,1,5,4,154,154,Champions
user_984,2025-05-17,27,2.97,45,27,2.97,1,4,4,144,144,Champions
user_989,2025-06-05,35,10.98,26,35,10.98,1,5,5,155,155,Champions
user_99,2025-05-23,30,5.98,39,30,5.98,1,4,5,145,145,Champions
user_990,2025-06-20,13,3.98,11,13,3.98,2,1,5,215,215,Champions
user_996,2025-06-10,29,0.99,21,29,0.99,1,4,4,144,144,Champions
user_998,2025-06-14,36,0.99,17,36,0.99,1,5,4,154,154,Champions
